id,year,week,season,team,pf,pa,opp,win,loss
1,2013,1,r,Timmy,131,81,DenR,1,0
2,2013,1,r,Chad,160,169,Big Boy,0,1
3,2013,1,r,The Boo,153,89,Frankie,1,0
4,2013,1,r,Billy,78,178,Rose,0,1
5,2013,1,r,Fig,121,153,Nordy,0,1
6,2013,1,r,Taylor,126,81,AJ,1,0
7,2013,1,r,DenR,81,131,Timmy,0,1
8,2013,1,r,Big Boy,169,160,Chad,1,0
9,2013,1,r,Frankie,89,153,The Boo,0,1
10,2013,1,r,Rose,178,78,Billy,1,0
11,2013,1,r,Nordy,153,121,Fig,1,0
12,2013,1,r,AJ,81,126,Taylor,0,1
13,2013,2,r,Chad,127,132,Timmy,0,1
14,2013,2,r,DenR,123,108,The Boo,1,0
15,2013,2,r,Big Boy,142,77,Frankie,1,0
16,2013,2,r,Fig,154,112,Billy,1,0
17,2013,2,r,Rose,97,105,Taylor,0,1
18,2013,2,r,Nordy,99,113,AJ,0,1
19,2013,2,r,Timmy,132,127,Chad,1,0
20,2013,2,r,The Boo,108,123,DenR,0,1
21,2013,2,r,Frankie,77,142,Big Boy,0,1
22,2013,2,r,Billy,112,154,Fig,0,1
23,2013,2,r,Taylor,105,97,Rose,1,0
24,2013,2,r,AJ,113,99,Nordy,1,0
25,2013,3,r,Timmy,70,88,The Boo,0,1
26,2013,3,r,Frankie,106,112,Chad,0,1
27,2013,3,r,Big Boy,127,121,DenR,1,0
28,2013,3,r,Billy,114,88,Taylor,1,0
29,2013,3,r,AJ,80,106,Fig,0,1
30,2013,3,r,Nordy,66,134,Rose,0,1
31,2013,3,r,The Boo,88,70,Timmy,1,0
32,2013,3,r,Chad,112,106,Frankie,1,0
33,2013,3,r,DenR,121,127,Big Boy,0,1
34,2013,3,r,Taylor,88,114,Billy,0,1
35,2013,3,r,Fig,106,80,AJ,1,0
36,2013,3,r,Rose,134,66,Nordy,1,0
37,2013,4,r,Frankie,104,117,Timmy,0,1
38,2013,4,r,The Boo,99,144,Big Boy,0,1
39,2013,4,r,Chad,90,169,DenR,0,1
40,2013,4,r,AJ,115,107,Billy,1,0
41,2013,4,r,Taylor,105,106,Nordy,0,1
42,2013,4,r,Fig,141,147,Rose,0,1
43,2013,4,r,Timmy,117,104,Frankie,1,0
44,2013,4,r,Big Boy,144,99,The Boo,1,0
45,2013,4,r,DenR,169,90,Chad,1,0
46,2013,4,r,Billy,107,115,AJ,0,1
47,2013,4,r,Nordy,106,105,Taylor,1,0
48,2013,4,r,Rose,147,141,Fig,1,0
49,2013,5,r,Timmy,114,124,Big Boy,0,1
50,2013,5,r,DenR,82,131,Frankie,0,1
51,2013,5,r,Chad,139,72,The Boo,1,0
52,2013,5,r,Billy,90,119,Nordy,0,1
53,2013,5,r,Rose,111,122,AJ,0,1
54,2013,5,r,Fig,144,104,Taylor,1,0
55,2013,5,r,Big Boy,124,114,Timmy,1,0
56,2013,5,r,Frankie,131,82,DenR,1,0
57,2013,5,r,The Boo,72,139,Chad,0,1
58,2013,5,r,Nordy,119,90,Billy,1,0
59,2013,5,r,AJ,122,111,Rose,1,0
60,2013,5,r,Taylor,104,144,Fig,0,1
61,2013,6,r,Billy,68,125,Timmy,0,1
62,2013,6,r,Rose,103,120,DenR,0,1
63,2013,6,r,Fig,109,109,Chad,1,0
64,2013,6,r,Taylor,127,86,The Boo,1,0
65,2013,6,r,AJ,104,74,Frankie,1,0
66,2013,6,r,Nordy,132,118,Big Boy,1,0
67,2013,6,r,Timmy,125,68,Billy,1,0
68,2013,6,r,DenR,120,103,Rose,1,0
69,2013,6,r,Chad,109,109,Fig,0,1
70,2013,6,r,The Boo,86,127,Taylor,0,1
71,2013,6,r,Frankie,74,104,AJ,0,1
72,2013,6,r,Big Boy,118,132,Nordy,0,1
73,2013,7,r,DenR,134,116,Billy,1,0
74,2013,7,r,Chad,82,94,Rose,0,1
75,2013,7,r,The Boo,92,133,Fig,0,1
76,2013,7,r,Frankie,88,82,Taylor,1,0
77,2013,7,r,Big Boy,108,140,AJ,0,1
78,2013,7,r,Timmy,105,100,Nordy,1,0
79,2013,7,r,Billy,116,134,DenR,0,1
80,2013,7,r,Rose,94,82,Chad,1,0
81,2013,7,r,Fig,133,92,The Boo,1,0
82,2013,7,r,Taylor,82,88,Frankie,0,1
83,2013,7,r,AJ,140,108,Big Boy,1,0
84,2013,7,r,Nordy,100,105,Timmy,0,1
85,2013,8,r,Billy,108,84,Chad,1,0
86,2013,8,r,Rose,102,91,The Boo,1,0
87,2013,8,r,Fig,163,92,Frankie,1,0
88,2013,8,r,Taylor,101,146,Big Boy,0,1
89,2013,8,r,AJ,84,141,Timmy,0,1
90,2013,8,r,Nordy,94,80,DenR,1,0
91,2013,8,r,Chad,84,108,Billy,0,1
92,2013,8,r,The Boo,91,102,Rose,0,1
93,2013,8,r,Frankie,92,163,Fig,0,1
94,2013,8,r,Big Boy,146,101,Taylor,1,0
95,2013,8,r,Timmy,141,84,AJ,1,0
96,2013,8,r,DenR,80,94,Nordy,0,1
97,2013,9,r,The Boo,119,96,Billy,1,0
98,2013,9,r,Frankie,72,152,Rose,0,1
99,2013,9,r,Big Boy,153,107,Fig,1,0
100,2013,9,r,Timmy,148,71,Taylor,1,0
101,2013,9,r,DenR,127,99,AJ,1,0
102,2013,9,r,Chad,99,106,Nordy,0,1
103,2013,9,r,Billy,96,119,The Boo,0,1
104,2013,9,r,Rose,152,72,Frankie,1,0
105,2013,9,r,Fig,107,153,Big Boy,0,1
106,2013,9,r,Taylor,71,148,Timmy,0,1
107,2013,9,r,AJ,99,127,DenR,0,1
108,2013,9,r,Nordy,106,99,Chad,1,0
109,2013,10,r,Billy,87,79,Frankie,1,0
110,2013,10,r,Rose,146,124,Big Boy,1,0
111,2013,10,r,Fig,152,86,Timmy,1,0
112,2013,10,r,Taylor,99,130,DenR,0,1
113,2013,10,r,AJ,68,53,Chad,1,0
114,2013,10,r,Nordy,83,117,The Boo,0,1
115,2013,10,r,Frankie,79,87,Billy,0,1
116,2013,10,r,Big Boy,124,146,Rose,0,1
117,2013,10,r,Timmy,86,152,Fig,0,1
118,2013,10,r,DenR,130,99,Taylor,1,0
119,2013,10,r,Chad,53,68,AJ,0,1
120,2013,10,r,The Boo,117,83,Nordy,1,0
121,2013,11,r,Big Boy,119,141,Billy,0,1
122,2013,11,r,Timmy,98,91,Rose,1,0
123,2013,11,r,DenR,115,137,Fig,0,1
124,2013,11,r,Chad,121,90,Taylor,1,0
125,2013,11,r,The Boo,114,104,AJ,1,0
126,2013,11,r,Frankie,102,91,Nordy,1,0
127,2013,11,r,Billy,141,119,Big Boy,1,0
128,2013,11,r,Rose,91,98,Timmy,0,1
129,2013,11,r,Fig,137,115,DenR,1,0
130,2013,11,r,Taylor,90,121,Chad,0,1
131,2013,11,r,AJ,104,114,The Boo,0,1
132,2013,11,r,Nordy,91,102,Frankie,0,1
133,2013,12,r,Timmy,100,115,Billy,0,1
134,2013,12,r,DenR,77,161,Rose,0,1
135,2013,12,r,Chad,38,157,Fig,0,1
136,2013,12,r,The Boo,79,79,Taylor,0,1
137,2013,12,r,Frankie,96,103,AJ,0,1
138,2013,12,r,Big Boy,105,107,Nordy,0,1
139,2013,12,r,Billy,115,100,Timmy,1,0
140,2013,12,r,Rose,161,77,DenR,1,0
141,2013,12,r,Fig,157,38,Chad,1,0
142,2013,12,r,Taylor,79,79,The Boo,1,0
143,2013,12,r,AJ,103,96,Frankie,1,0
144,2013,12,r,Nordy,107,105,Big Boy,1,0
145,2013,13,r,Billy,132,91,DenR,1,0
146,2013,13,r,Rose,208,129,Chad,1,0
147,2013,13,r,Fig,98,87,The Boo,1,0
148,2013,13,r,Taylor,91,111,Frankie,0,1
149,2013,13,r,AJ,94,127,Big Boy,0,1
150,2013,13,r,Nordy,163,114,Timmy,1,0
151,2013,13,r,DenR,91,132,Billy,0,1
152,2013,13,r,Chad,129,208,Rose,0,1
153,2013,13,r,The Boo,87,98,Fig,0,1
154,2013,13,r,Frankie,111,91,Taylor,1,0
155,2013,13,r,Big Boy,127,94,AJ,1,0
156,2013,13,r,Timmy,114,163,Nordy,0,1
157,2013,DC,p,Rose,126,98,Fig,1,0
158,2013,DC,p,Fig,98,126,Rose,0,1
159,2013,SF,p,Nordy,88,113,Fig,0,1
160,2013,SF,p,Rose,147,121,Timmy,1,0
161,2013,SF,p,Fig,113,88,Nordy,1,0
162,2013,SF,p,Timmy,121,147,Rose,0,1
163,2013,WC,p,Big Boy,142,145,Nordy,0,1
164,2013,WC,p,AJ,93,135,Rose,0,1
165,2013,WC,p,Nordy,145,142,Big Boy,1,0
166,2013,WC,p,Rose,135,93,AJ,1,0
167,2014,1,r,Timmy,92,138,DenR,0,1
168,2014,1,r,Chad,96,119,Big Boy,0,1
169,2014,1,r,The Boo,131,125,Frankie,1,0
170,2014,1,r,Billy,152,90,Rose,1,0
171,2014,1,r,Fig,154,75,Nordy,1,0
172,2014,1,r,Taylor,103,80,AJ,1,0
173,2014,1,r,DenR,138,92,Timmy,1,0
174,2014,1,r,Big Boy,119,96,Chad,1,0
175,2014,1,r,Frankie,125,131,The Boo,0,1
176,2014,1,r,Rose,90,152,Billy,0,1
177,2014,1,r,Nordy,75,154,Fig,0,1
178,2014,1,r,AJ,80,103,Taylor,0,1
179,2014,2,r,Chad,127,85,Timmy,1,0
180,2014,2,r,DenR,126,123,The Boo,1,0
181,2014,2,r,Big Boy,94,81,Frankie,1,0
182,2014,2,r,Fig,115,94,Billy,1,0
183,2014,2,r,Rose,112,92,Taylor,1,0
184,2014,2,r,Nordy,118,136,AJ,0,1
185,2014,2,r,Timmy,85,127,Chad,0,1
186,2014,2,r,The Boo,123,126,DenR,0,1
187,2014,2,r,Frankie,81,94,Big Boy,0,1
188,2014,2,r,Billy,94,115,Fig,0,1
189,2014,2,r,Taylor,92,112,Rose,0,1
190,2014,2,r,AJ,136,118,Nordy,1,0
191,2014,3,r,Timmy,138,105,The Boo,1,0
192,2014,3,r,Frankie,108,120,Chad,0,1
193,2014,3,r,Big Boy,74,85,DenR,0,1
194,2014,3,r,Billy,103,114,Taylor,0,1
195,2014,3,r,AJ,97,100,Fig,0,1
196,2014,3,r,Nordy,125,78,Rose,1,0
197,2014,3,r,The Boo,105,138,Timmy,0,1
198,2014,3,r,Chad,120,108,Frankie,1,0
199,2014,3,r,DenR,85,74,Big Boy,1,0
200,2014,3,r,Taylor,114,103,Billy,1,0
201,2014,3,r,Fig,100,97,AJ,1,0
202,2014,3,r,Rose,78,125,Nordy,0,1
203,2014,4,r,Frankie,130,85,Timmy,1,0
204,2014,4,r,The Boo,158,154,Big Boy,1,0
205,2014,4,r,Chad,104,75,DenR,1,0
206,2014,4,r,AJ,79,102,Billy,0,1
207,2014,4,r,Taylor,88,120,Nordy,0,1
208,2014,4,r,Fig,108,121,Rose,0,1
209,2014,4,r,Timmy,85,130,Frankie,0,1
210,2014,4,r,Big Boy,154,158,The Boo,0,1
211,2014,4,r,DenR,75,104,Chad,0,1
212,2014,4,r,Billy,102,79,AJ,1,0
213,2014,4,r,Nordy,120,88,Taylor,1,0
214,2014,4,r,Rose,121,108,Fig,1,0
215,2014,5,r,Timmy,126,130,Big Boy,0,1
216,2014,5,r,DenR,103,72,Frankie,1,0
217,2014,5,r,Chad,101,100,The Boo,1,0
218,2014,5,r,Billy,143,117,Nordy,1,0
219,2014,5,r,Rose,155,114,AJ,1,0
220,2014,5,r,Fig,76,78,Taylor,0,1
221,2014,5,r,Big Boy,130,126,Timmy,1,0
222,2014,5,r,Frankie,72,103,DenR,0,1
223,2014,5,r,The Boo,100,101,Chad,0,1
224,2014,5,r,Nordy,117,143,Billy,0,1
225,2014,5,r,AJ,114,155,Rose,0,1
226,2014,5,r,Taylor,78,76,Fig,1,0
227,2014,6,r,Billy,122,118,Timmy,1,0
228,2014,6,r,Rose,125,76,DenR,1,0
229,2014,6,r,Fig,90,94,Chad,0,1
230,2014,6,r,Taylor,72,157,The Boo,0,1
231,2014,6,r,AJ,99,98,Frankie,1,0
232,2014,6,r,Nordy,108,147,Big Boy,0,1
233,2014,6,r,Timmy,118,122,Billy,0,1
234,2014,6,r,DenR,76,125,Rose,0,1
235,2014,6,r,Chad,94,90,Fig,1,0
236,2014,6,r,The Boo,157,72,Taylor,1,0
237,2014,6,r,Frankie,98,99,AJ,0,1
238,2014,6,r,Big Boy,147,108,Nordy,1,0
239,2014,7,r,DenR,120,134,Billy,0,1
240,2014,7,r,Chad,96,157,Rose,0,1
241,2014,7,r,The Boo,111,85,Fig,1,0
242,2014,7,r,Frankie,78,143,Taylor,0,1
243,2014,7,r,Big Boy,121,103,AJ,1,0
244,2014,7,r,Timmy,84,76,Nordy,1,0
245,2014,7,r,Billy,134,120,DenR,1,0
246,2014,7,r,Rose,157,96,Chad,1,0
247,2014,7,r,Fig,85,111,The Boo,0,1
248,2014,7,r,Taylor,143,78,Frankie,1,0
249,2014,7,r,AJ,103,121,Big Boy,0,1
250,2014,7,r,Nordy,76,84,Timmy,0,1
251,2014,8,r,Billy,148,160,Chad,0,1
252,2014,8,r,Rose,166,151,The Boo,1,0
253,2014,8,r,Fig,97,110,Frankie,0,1
254,2014,8,r,Taylor,121,120,Big Boy,1,0
255,2014,8,r,AJ,110,141,Timmy,0,1
256,2014,8,r,Nordy,66,76,DenR,0,1
257,2014,8,r,Chad,160,148,Billy,1,0
258,2014,8,r,The Boo,151,166,Rose,0,1
259,2014,8,r,Frankie,110,97,Fig,1,0
260,2014,8,r,Big Boy,120,121,Taylor,0,1
261,2014,8,r,Timmy,141,110,AJ,1,0
262,2014,8,r,DenR,76,66,Nordy,1,0
263,2014,9,r,The Boo,116,99,Billy,1,0
264,2014,9,r,Frankie,112,118,Rose,0,1
265,2014,9,r,Big Boy,101,107,Fig,0,1
266,2014,9,r,Timmy,104,101,Taylor,1,0
267,2014,9,r,DenR,145,101,AJ,1,0
268,2014,9,r,Chad,149,87,Nordy,1,0
269,2014,9,r,Billy,99,116,The Boo,0,1
270,2014,9,r,Rose,118,112,Frankie,1,0
271,2014,9,r,Fig,107,101,Big Boy,1,0
272,2014,9,r,Taylor,101,104,Timmy,0,1
273,2014,9,r,AJ,101,145,DenR,0,1
274,2014,9,r,Nordy,87,149,Chad,0,1
275,2014,10,r,Billy,127,102,Frankie,1,0
276,2014,10,r,Rose,157,123,Big Boy,1,0
277,2014,10,r,Fig,141,85,Timmy,1,0
278,2014,10,r,Taylor,109,166,DenR,0,1
279,2014,10,r,AJ,113,103,Chad,1,0
280,2014,10,r,Nordy,122,113,The Boo,1,0
281,2014,10,r,Frankie,102,127,Billy,0,1
282,2014,10,r,Big Boy,123,157,Rose,0,1
283,2014,10,r,Timmy,85,141,Fig,0,1
284,2014,10,r,DenR,166,109,Taylor,1,0
285,2014,10,r,Chad,103,113,AJ,0,1
286,2014,10,r,The Boo,113,122,Nordy,0,1
287,2014,11,r,Big Boy,59,90,Billy,0,1
288,2014,11,r,Timmy,87,141,Rose,0,1
289,2014,11,r,DenR,114,95,Fig,1,0
290,2014,11,r,Chad,124,76,Taylor,1,0
291,2014,11,r,The Boo,139,35,AJ,1,0
292,2014,11,r,Frankie,86,117,Nordy,0,1
293,2014,11,r,Billy,90,59,Big Boy,1,0
294,2014,11,r,Rose,141,87,Timmy,1,0
295,2014,11,r,Fig,95,114,DenR,0,1
296,2014,11,r,Taylor,76,124,Chad,0,1
297,2014,11,r,AJ,35,139,The Boo,0,1
298,2014,11,r,Nordy,117,86,Frankie,1,0
299,2014,12,r,Timmy,105,79,Billy,1,0
300,2014,12,r,DenR,99,167,Rose,0,1
301,2014,12,r,Chad,138,125,Fig,1,0
302,2014,12,r,The Boo,105,97,Taylor,1,0
303,2014,12,r,Frankie,96,102,AJ,0,1
304,2014,12,r,Big Boy,116,99,Nordy,1,0
305,2014,12,r,Billy,79,105,Timmy,0,1
306,2014,12,r,Rose,167,99,DenR,1,0
307,2014,12,r,Fig,125,138,Chad,0,1
308,2014,12,r,Taylor,97,105,The Boo,0,1
309,2014,12,r,AJ,102,96,Frankie,1,0
310,2014,12,r,Nordy,99,116,Big Boy,0,1
311,2014,13,r,Billy,145,96,DenR,1,0
312,2014,13,r,Rose,144,193,Chad,0,1
313,2014,13,r,Fig,111,112,The Boo,0,1
314,2014,13,r,Taylor,78,159,Frankie,0,1
315,2014,13,r,AJ,106,52,Big Boy,1,0
316,2014,13,r,Nordy,116,123,Timmy,0,1
317,2014,13,r,DenR,96,145,Billy,0,1
318,2014,13,r,Chad,193,144,Rose,1,0
319,2014,13,r,The Boo,112,111,Fig,1,0
320,2014,13,r,Frankie,159,78,Taylor,1,0
321,2014,13,r,Big Boy,52,106,AJ,0,1
322,2014,13,r,Timmy,123,116,Nordy,1,0
323,2014,DC,p,DenR,86,121,Rose,0,1
324,2014,DC,p,Rose,121,86,DenR,1,0
325,2014,SF,p,The Boo,104,115,Rose,0,1
326,2014,SF,p,Big Boy,58,80,DenR,0,1
327,2014,SF,p,Rose,115,104,The Boo,1,0
328,2014,SF,p,DenR,80,58,Big Boy,1,0
329,2014,WC,p,Billy,160,162,The Boo,0,1
330,2014,WC,p,Big Boy,116,95,Chad,1,0
331,2014,WC,p,The Boo,162,160,Billy,1,0
332,2014,WC,p,Chad,95,116,Big Boy,0,1
333,2015,1,r,Timmy,78,109,Big Boy,0,1
334,2015,1,r,Billy,99,108,Rose,0,1
335,2015,1,r,The Boo,191,109,Frankie,1,0
336,2015,1,r,Fig,113,112,Chad,1,0
337,2015,1,r,DenR,103,144,Nordy,0,1
338,2015,1,r,Big Boy,109,78,Timmy,1,0
339,2015,1,r,Rose,108,99,Billy,1,0
340,2015,1,r,Frankie,109,191,The Boo,0,1
341,2015,1,r,Chad,112,113,Fig,0,1
342,2015,1,r,Nordy,144,103,DenR,1,0
343,2015,2,r,The Boo,122,149,Billy,0,1
344,2015,2,r,Big Boy,145,117,Fig,1,0
345,2015,2,r,Timmy,92,94,DenR,0,1
346,2015,2,r,Rose,158,74,Chad,1,0
347,2015,2,r,Frankie,107,70,Nordy,1,0
348,2015,2,r,Billy,149,122,The Boo,1,0
349,2015,2,r,Fig,117,145,Big Boy,0,1
350,2015,2,r,DenR,94,92,Timmy,1,0
351,2015,2,r,Chad,74,158,Rose,0,1
352,2015,2,r,Nordy,70,107,Frankie,0,1
353,2015,3,r,DenR,109,138,Fig,0,1
354,2015,3,r,Chad,118,124,Billy,0,1
355,2015,3,r,Nordy,125,118,The Boo,1,0
356,2015,3,r,Rose,145,154,Big Boy,0,1
357,2015,3,r,Frankie,148,132,Timmy,1,0
358,2015,3,r,Fig,138,109,DenR,1,0
359,2015,3,r,Billy,124,118,Chad,1,0
360,2015,3,r,The Boo,118,125,Nordy,0,1
361,2015,3,r,Big Boy,154,145,Rose,1,0
362,2015,3,r,Timmy,132,148,Frankie,0,1
363,2015,4,r,Nordy,79,93,Chad,0,1
364,2015,4,r,Fig,119,82,Rose,1,0
365,2015,4,r,DenR,82,106,Frankie,0,1
366,2015,4,r,Billy,120,133,Big Boy,0,1
367,2015,4,r,The Boo,107,89,Timmy,1,0
368,2015,4,r,Chad,93,79,Nordy,1,0
369,2015,4,r,Rose,82,119,Fig,0,1
370,2015,4,r,Frankie,106,82,DenR,1,0
371,2015,4,r,Big Boy,133,120,Billy,1,0
372,2015,4,r,Timmy,89,107,The Boo,0,1
373,2015,5,r,Frankie,93,125,Rose,0,1
374,2015,5,r,Big Boy,129,95,Chad,1,0
375,2015,5,r,Timmy,127,144,Nordy,0,1
376,2015,5,r,Billy,108,123,Fig,0,1
377,2015,5,r,The Boo,110,124,DenR,0,1
378,2015,5,r,Rose,125,93,Frankie,1,0
379,2015,5,r,Chad,95,129,Big Boy,0,1
380,2015,5,r,Nordy,144,127,Timmy,1,0
381,2015,5,r,Fig,123,108,Billy,1,0
382,2015,5,r,DenR,124,110,The Boo,1,0
383,2015,6,r,Billy,106,157,Timmy,0,1
384,2015,6,r,Fig,119,101,The Boo,1,0
385,2015,6,r,Chad,116,134,DenR,0,1
386,2015,6,r,Rose,99,98,Nordy,1,0
387,2015,6,r,Big Boy,147,97,Frankie,1,0
388,2015,6,r,Timmy,157,106,Billy,1,0
389,2015,6,r,The Boo,101,119,Fig,0,1
390,2015,6,r,DenR,134,116,Chad,1,0
391,2015,6,r,Nordy,98,99,Rose,0,1
392,2015,6,r,Frankie,97,147,Big Boy,0,1
393,2015,7,r,Timmy,132,123,Fig,1,0
394,2015,7,r,The Boo,88,128,Chad,0,1
395,2015,7,r,DenR,139,132,Rose,1,0
396,2015,7,r,Nordy,116,120,Big Boy,0,1
397,2015,7,r,Frankie,81,86,Billy,0,1
398,2015,7,r,Fig,123,132,Timmy,0,1
399,2015,7,r,Chad,128,88,The Boo,1,0
400,2015,7,r,Rose,132,139,DenR,0,1
401,2015,7,r,Big Boy,120,116,Nordy,1,0
402,2015,7,r,Billy,86,81,Frankie,1,0
403,2015,8,r,Chad,115,91,Timmy,1,0
404,2015,8,r,Rose,87,151,The Boo,0,1
405,2015,8,r,Big Boy,112,151,DenR,0,1
406,2015,8,r,Billy,109,120,Nordy,0,1
407,2015,8,r,Fig,165,77,Frankie,1,0
408,2015,8,r,Timmy,91,115,Chad,0,1
409,2015,8,r,The Boo,151,87,Rose,1,0
410,2015,8,r,DenR,151,112,Big Boy,1,0
411,2015,8,r,Nordy,120,109,Billy,1,0
412,2015,8,r,Frankie,77,165,Fig,0,1
413,2015,9,r,Timmy,172,133,Rose,1,0
414,2015,9,r,Chad,152,110,Big Boy,1,0
415,2015,9,r,Frankie,98,129,The Boo,0,1
416,2015,9,r,Fig,98,116,Billy,0,1
417,2015,9,r,Nordy,93,180,DenR,0,1
418,2015,9,r,Rose,133,172,Timmy,0,1
419,2015,9,r,Big Boy,110,152,Chad,0,1
420,2015,9,r,The Boo,129,98,Frankie,1,0
421,2015,9,r,Billy,116,98,Fig,1,0
422,2015,9,r,DenR,180,93,Nordy,1,0
423,2015,10,r,The Boo,133,80,Big Boy,1,0
424,2015,10,r,Rose,115,106,Billy,1,0
425,2015,10,r,DenR,96,96,Timmy,0,1
426,2015,10,r,Chad,134,96,Fig,1,0
427,2015,10,r,Nordy,100,95,Frankie,1,0
428,2015,10,r,Big Boy,80,133,The Boo,0,1
429,2015,10,r,Billy,106,115,Rose,0,1
430,2015,10,r,Timmy,96,96,DenR,1,0
431,2015,10,r,Fig,96,134,Chad,0,1
432,2015,10,r,Frankie,95,100,Nordy,0,1
433,2015,11,r,DenR,91,82,Billy,1,0
434,2015,11,r,Fig,56,90,Big Boy,0,1
435,2015,11,r,The Boo,105,91,Nordy,1,0
436,2015,11,r,Chad,109,83,Rose,1,0
437,2015,11,r,Timmy,80,120,Frankie,0,1
438,2015,11,r,Billy,82,91,DenR,0,1
439,2015,11,r,Big Boy,90,56,Fig,1,0
440,2015,11,r,Nordy,91,105,The Boo,0,1
441,2015,11,r,Rose,83,109,Chad,0,1
442,2015,11,r,Frankie,120,80,Timmy,1,0
443,2015,12,r,Nordy,80,130,Fig,0,1
444,2015,12,r,Billy,157,92,Chad,1,0
445,2015,12,r,Frankie,112,111,DenR,1,0
446,2015,12,r,Big Boy,125,107,Rose,1,0
447,2015,12,r,Timmy,145,112,The Boo,1,0
448,2015,12,r,Fig,130,80,Nordy,1,0
449,2015,12,r,Chad,92,157,Billy,0,1
450,2015,12,r,DenR,111,112,Frankie,0,1
451,2015,12,r,Rose,107,125,Big Boy,0,1
452,2015,12,r,The Boo,112,145,Timmy,0,1
453,2015,13,r,Frankie,167,122,Chad,1,0
454,2015,13,r,Rose,127,160,Fig,0,1
455,2015,13,r,Nordy,92,137,Timmy,0,1
456,2015,13,r,Big Boy,54,129,Billy,0,1
457,2015,13,r,DenR,110,92,The Boo,1,0
458,2015,13,r,Chad,122,167,Frankie,0,1
459,2015,13,r,Fig,160,127,Rose,1,0
460,2015,13,r,Timmy,137,92,Nordy,1,0
461,2015,13,r,Billy,129,54,Big Boy,1,0
462,2015,13,r,The Boo,92,110,DenR,0,1
463,2015,DC,p,Timmy,138,119,The Boo,1,0
464,2015,DC,p,The Boo,119,138,Timmy,0,1
465,2015,SF,p,The Boo,147,141,Big Boy,1,0
466,2015,SF,p,Timmy,178,105,DenR,1,0
467,2015,SF,p,Big Boy,141,147,The Boo,0,1
468,2015,SF,p,DenR,105,178,Timmy,0,1
469,2015,WC,p,Billy,81,123,The Boo,0,1
470,2015,WC,p,Timmy,152,129,Fig,1,0
471,2015,WC,p,The Boo,123,81,Billy,1,0
472,2015,WC,p,Fig,129,152,Timmy,0,1
473,2016,1,r,Timmy,118,111,Big Boy,1,0
474,2016,1,r,Billy,120,131,Rose,0,1
475,2016,1,r,The Boo,165,154,Frankie,1,0
476,2016,1,r,Fig,172,92,Chad,1,0
477,2016,1,r,DenR,120,106,Nordy,1,0
478,2016,1,r,Big Boy,111,118,Timmy,0,1
479,2016,1,r,Rose,131,120,Billy,1,0
480,2016,1,r,Frankie,154,165,The Boo,0,1
481,2016,1,r,Chad,92,172,Fig,0,1
482,2016,1,r,Nordy,106,120,DenR,0,1
483,2016,2,r,The Boo,114,136,Billy,0,1
484,2016,2,r,Big Boy,97,131,Fig,0,1
485,2016,2,r,Timmy,131,138,DenR,0,1
486,2016,2,r,Rose,90,89,Chad,1,0
487,2016,2,r,Frankie,145,110,Nordy,1,0
488,2016,2,r,Billy,136,114,The Boo,1,0
489,2016,2,r,Fig,131,97,Big Boy,1,0
490,2016,2,r,DenR,138,131,Timmy,1,0
491,2016,2,r,Chad,89,90,Rose,0,1
492,2016,2,r,Nordy,110,145,Frankie,0,1
493,2016,3,r,DenR,104,118,Fig,0,1
494,2016,3,r,Chad,139,96,Billy,1,0
495,2016,3,r,Nordy,104,82,The Boo,1,0
496,2016,3,r,Rose,175,146,Big Boy,1,0
497,2016,3,r,Frankie,79,90,Timmy,0,1
498,2016,3,r,Fig,118,104,DenR,1,0
499,2016,3,r,Billy,96,139,Chad,0,1
500,2016,3,r,The Boo,82,104,Nordy,0,1
501,2016,3,r,Big Boy,146,175,Rose,0,1
502,2016,3,r,Timmy,90,79,Frankie,1,0
503,2016,4,r,Nordy,86,92,Chad,0,1
504,2016,4,r,Fig,118,136,Rose,0,1
505,2016,4,r,DenR,83,130,Frankie,0,1
506,2016,4,r,Billy,136,120,Big Boy,1,0
507,2016,4,r,The Boo,103,113,Timmy,0,1
508,2016,4,r,Chad,92,86,Nordy,1,0
509,2016,4,r,Rose,136,118,Fig,1,0
510,2016,4,r,Frankie,130,83,DenR,1,0
511,2016,4,r,Big Boy,120,136,Billy,0,1
512,2016,4,r,Timmy,113,103,The Boo,1,0
513,2016,5,r,Frankie,84,126,Rose,0,1
514,2016,5,r,Big Boy,154,97,Chad,1,0
515,2016,5,r,Timmy,121,96,Nordy,1,0
516,2016,5,r,Billy,144,100,Fig,1,0
517,2016,5,r,The Boo,117,142,DenR,0,1
518,2016,5,r,Rose,126,84,Frankie,1,0
519,2016,5,r,Chad,97,154,Big Boy,0,1
520,2016,5,r,Nordy,96,121,Timmy,0,1
521,2016,5,r,Fig,100,144,Billy,0,1
522,2016,5,r,DenR,142,117,The Boo,1,0
523,2016,6,r,Billy,109,124,Timmy,0,1
524,2016,6,r,Fig,122,128,The Boo,0,1
525,2016,6,r,Chad,155,108,DenR,1,0
526,2016,6,r,Rose,86,46,Nordy,1,0
527,2016,6,r,Big Boy,71,124,Frankie,0,1
528,2016,6,r,Timmy,124,109,Billy,1,0
529,2016,6,r,The Boo,128,122,Fig,1,0
530,2016,6,r,DenR,108,155,Chad,0,1
531,2016,6,r,Nordy,46,86,Rose,0,1
532,2016,6,r,Frankie,124,71,Big Boy,1,0
533,2016,7,r,Timmy,140,169,Fig,0,1
534,2016,7,r,The Boo,120,78,Chad,1,0
535,2016,7,r,DenR,59,91,Rose,0,1
536,2016,7,r,Nordy,143,108,Big Boy,1,0
537,2016,7,r,Frankie,121,112,Billy,1,0
538,2016,7,r,Fig,169,140,Timmy,1,0
539,2016,7,r,Chad,78,120,The Boo,0,1
540,2016,7,r,Rose,91,59,DenR,1,0
541,2016,7,r,Big Boy,108,143,Nordy,0,1
542,2016,7,r,Billy,112,121,Frankie,0,1
543,2016,8,r,Chad,111,121,Timmy,0,1
544,2016,8,r,Rose,92,111,The Boo,0,1
545,2016,8,r,Big Boy,107,118,DenR,0,1
546,2016,8,r,Billy,148,122,Nordy,1,0
547,2016,8,r,Fig,121,111,Frankie,1,0
548,2016,8,r,Timmy,121,111,Chad,1,0
549,2016,8,r,The Boo,111,92,Rose,1,0
550,2016,8,r,DenR,118,107,Big Boy,1,0
551,2016,8,r,Nordy,122,148,Billy,0,1
552,2016,8,r,Frankie,111,121,Fig,0,1
553,2016,9,r,Timmy,114,103,Rose,1,0
554,2016,9,r,Chad,127,99,Big Boy,1,0
555,2016,9,r,Frankie,152,118,The Boo,1,0
556,2016,9,r,Fig,135,106,Billy,1,0
557,2016,9,r,Nordy,119,135,DenR,0,1
558,2016,9,r,Rose,103,114,Timmy,0,1
559,2016,9,r,Big Boy,99,127,Chad,0,1
560,2016,9,r,The Boo,118,152,Frankie,0,1
561,2016,9,r,Billy,106,135,Fig,0,1
562,2016,9,r,DenR,135,119,Nordy,1,0
563,2016,10,r,The Boo,125,108,Big Boy,1,0
564,2016,10,r,Rose,101,116,Billy,0,1
565,2016,10,r,DenR,143,128,Timmy,1,0
566,2016,10,r,Chad,98,124,Fig,0,1
567,2016,10,r,Nordy,128,154,Frankie,0,1
568,2016,10,r,Big Boy,108,125,The Boo,0,1
569,2016,10,r,Billy,116,101,Rose,1,0
570,2016,10,r,Timmy,128,143,DenR,0,1
571,2016,10,r,Fig,124,98,Chad,1,0
572,2016,10,r,Frankie,154,128,Nordy,1,0
573,2016,11,r,DenR,130,132,Billy,0,1
574,2016,11,r,Fig,87,116,Big Boy,0,1
575,2016,11,r,The Boo,121,97,Nordy,1,0
576,2016,11,r,Chad,105,119,Rose,0,1
577,2016,11,r,Timmy,149,84,Frankie,1,0
578,2016,11,r,Billy,132,130,DenR,1,0
579,2016,11,r,Big Boy,116,87,Fig,1,0
580,2016,11,r,Nordy,97,121,The Boo,0,1
581,2016,11,r,Rose,119,105,Chad,1,0
582,2016,11,r,Frankie,84,149,Timmy,0,1
583,2016,12,r,Nordy,119,110,Fig,1,0
584,2016,12,r,Billy,119,126,Chad,0,1
585,2016,12,r,Frankie,90,115,DenR,0,1
586,2016,12,r,Big Boy,113,130,Rose,0,1
587,2016,12,r,Timmy,113,127,The Boo,0,1
588,2016,12,r,Fig,110,119,Nordy,0,1
589,2016,12,r,Chad,126,119,Billy,1,0
590,2016,12,r,DenR,115,90,Frankie,1,0
591,2016,12,r,Rose,130,113,Big Boy,1,0
592,2016,12,r,The Boo,127,113,Timmy,1,0
593,2016,13,r,Frankie,112,138,Chad,0,1
594,2016,13,r,Rose,84,128,Fig,0,1
595,2016,13,r,Nordy,82,157,Timmy,0,1
596,2016,13,r,Big Boy,140,101,Billy,1,0
597,2016,13,r,DenR,94,149,The Boo,0,1
598,2016,13,r,Chad,138,112,Frankie,1,0
599,2016,13,r,Fig,128,84,Rose,1,0
600,2016,13,r,Timmy,157,82,Nordy,1,0
601,2016,13,r,Billy,101,140,Big Boy,0,1
602,2016,13,r,The Boo,149,94,DenR,1,0
603,2016,DC,p,DenR,148,145,The Boo,1,0
604,2016,DC,p,The Boo,145,148,DenR,0,1
605,2016,SF,p,DenR,131,111,Timmy,1,0
606,2016,SF,p,The Boo,120,68,Rose,1,0
607,2016,SF,p,Timmy,111,131,DenR,0,1
608,2016,SF,p,Rose,68,120,The Boo,0,1
609,2016,WC,p,DenR,116,87,Fig,1,0
610,2016,WC,p,Billy,38,149,The Boo,0,1
611,2016,WC,p,Fig,87,116,DenR,0,1
612,2016,WC,p,The Boo,149,38,Billy,1,0
613,2017,1,r,Timmy,114,74,Big Boy,1,0
614,2017,1,r,Billy,106,102,Rose,1,0
615,2017,1,r,The Boo,93,94,Frankie,0,1
616,2017,1,r,Fig,92,124,Chad,0,1
617,2017,1,r,DenR,107,126,Nordy,0,1
618,2017,1,r,Big Boy,74,114,Timmy,0,1
619,2017,1,r,Rose,102,106,Billy,0,1
620,2017,1,r,Frankie,94,93,The Boo,1,0
621,2017,1,r,Chad,124,92,Fig,1,0
622,2017,1,r,Nordy,126,107,DenR,1,0
623,2017,2,r,The Boo,109,105,Billy,1,0
624,2017,2,r,Big Boy,70,122,Fig,0,1
625,2017,2,r,Timmy,117,99,DenR,1,0
626,2017,2,r,Rose,93,126,Chad,0,1
627,2017,2,r,Frankie,127,96,Nordy,1,0
628,2017,2,r,Billy,105,109,The Boo,0,1
629,2017,2,r,Fig,122,70,Big Boy,1,0
630,2017,2,r,DenR,99,117,Timmy,0,1
631,2017,2,r,Chad,126,93,Rose,1,0
632,2017,2,r,Nordy,96,127,Frankie,0,1
633,2017,3,r,DenR,90,99,Fig,0,1
634,2017,3,r,Chad,109,115,Billy,0,1
635,2017,3,r,Nordy,129,177,The Boo,0,1
636,2017,3,r,Rose,117,134,Big Boy,0,1
637,2017,3,r,Frankie,126,45,Timmy,1,0
638,2017,3,r,Fig,99,90,DenR,1,0
639,2017,3,r,Billy,115,109,Chad,1,0
640,2017,3,r,The Boo,177,129,Nordy,1,0
641,2017,3,r,Big Boy,134,117,Rose,1,0
642,2017,3,r,Timmy,45,126,Frankie,0,1
643,2017,4,r,Nordy,119,107,Chad,1,0
644,2017,4,r,Fig,109,122,Rose,0,1
645,2017,4,r,DenR,142,103,Frankie,1,0
646,2017,4,r,Billy,75,82,Big Boy,0,1
647,2017,4,r,The Boo,110,82,Timmy,1,0
648,2017,4,r,Chad,107,119,Nordy,0,1
649,2017,4,r,Rose,122,109,Fig,1,0
650,2017,4,r,Frankie,103,142,DenR,0,1
651,2017,4,r,Big Boy,82,75,Billy,1,0
652,2017,4,r,Timmy,82,110,The Boo,0,1
653,2017,5,r,Frankie,72,117,Rose,0,1
654,2017,5,r,Big Boy,139,143,Chad,0,1
655,2017,5,r,Timmy,121,94,Nordy,1,0
656,2017,5,r,Billy,96,121,Fig,0,1
657,2017,5,r,The Boo,63,117,DenR,0,1
658,2017,5,r,Rose,117,72,Frankie,1,0
659,2017,5,r,Chad,143,139,Big Boy,1,0
660,2017,5,r,Nordy,94,121,Timmy,0,1
661,2017,5,r,Fig,121,96,Billy,1,0
662,2017,5,r,DenR,117,63,The Boo,1,0
663,2017,6,r,Billy,98,136,Timmy,0,1
664,2017,6,r,Fig,85,108,The Boo,0,1
665,2017,6,r,Chad,129,88,DenR,1,0
666,2017,6,r,Rose,127,100,Nordy,1,0
667,2017,6,r,Big Boy,100,166,Frankie,0,1
668,2017,6,r,Timmy,136,98,Billy,1,0
669,2017,6,r,The Boo,108,85,Fig,1,0
670,2017,6,r,DenR,88,129,Chad,0,1
671,2017,6,r,Nordy,100,127,Rose,0,1
672,2017,6,r,Frankie,166,100,Big Boy,1,0
673,2017,7,r,Timmy,125,88,Fig,1,0
674,2017,7,r,The Boo,102,142,Chad,0,1
675,2017,7,r,DenR,139,102,Rose,1,0
676,2017,7,r,Nordy,114,98,Big Boy,1,0
677,2017,7,r,Frankie,88,78,Billy,1,0
678,2017,7,r,Fig,88,125,Timmy,0,1
679,2017,7,r,Chad,142,102,The Boo,1,0
680,2017,7,r,Rose,102,139,DenR,0,1
681,2017,7,r,Big Boy,98,114,Nordy,0,1
682,2017,7,r,Billy,78,88,Frankie,0,1
683,2017,8,r,Chad,100,139,Timmy,0,1
684,2017,8,r,Rose,107,87,The Boo,1,0
685,2017,8,r,Big Boy,101,123,DenR,0,1
686,2017,8,r,Billy,74,94,Nordy,0,1
687,2017,8,r,Fig,140,115,Frankie,1,0
688,2017,8,r,Timmy,139,100,Chad,1,0
689,2017,8,r,The Boo,87,107,Rose,0,1
690,2017,8,r,DenR,123,101,Big Boy,1,0
691,2017,8,r,Nordy,94,74,Billy,1,0
692,2017,8,r,Frankie,115,140,Fig,0,1
693,2017,9,r,Timmy,96,92,Rose,1,0
694,2017,9,r,Chad,118,89,Big Boy,1,0
695,2017,9,r,Frankie,130,113,The Boo,1,0
696,2017,9,r,Fig,90,83,Billy,1,0
697,2017,9,r,Nordy,124,101,DenR,1,0
698,2017,9,r,Rose,92,96,Timmy,0,1
699,2017,9,r,Big Boy,89,118,Chad,0,1
700,2017,9,r,The Boo,113,130,Frankie,0,1
701,2017,9,r,Billy,83,90,Fig,0,1
702,2017,9,r,DenR,101,124,Nordy,0,1
703,2017,10,r,The Boo,86,99,Big Boy,0,1
704,2017,10,r,Rose,130,83,Billy,1,0
705,2017,10,r,DenR,81,91,Timmy,0,1
706,2017,10,r,Chad,137,111,Fig,1,0
707,2017,10,r,Nordy,107,137,Frankie,0,1
708,2017,10,r,Big Boy,99,86,The Boo,1,0
709,2017,10,r,Billy,83,130,Rose,0,1
710,2017,10,r,Timmy,91,81,DenR,1,0
711,2017,10,r,Fig,111,137,Chad,0,1
712,2017,10,r,Frankie,137,107,Nordy,1,0
713,2017,11,r,DenR,107,54,Billy,1,0
714,2017,11,r,Fig,129,87,Big Boy,1,0
715,2017,11,r,The Boo,130,159,Nordy,0,1
716,2017,11,r,Chad,109,136,Rose,0,1
717,2017,11,r,Timmy,147,117,Frankie,1,0
718,2017,11,r,Billy,54,107,DenR,0,1
719,2017,11,r,Big Boy,87,129,Fig,0,1
720,2017,11,r,Nordy,159,130,The Boo,1,0
721,2017,11,r,Rose,136,109,Chad,1,0
722,2017,11,r,Frankie,117,147,Timmy,0,1
723,2017,12,r,Nordy,154,115,Fig,1,0
724,2017,12,r,Billy,92,139,Chad,0,1
725,2017,12,r,Frankie,114,117,DenR,0,1
726,2017,12,r,Big Boy,92,96,Rose,0,1
727,2017,12,r,Timmy,83,97,The Boo,0,1
728,2017,12,r,Fig,115,154,Nordy,0,1
729,2017,12,r,Chad,139,92,Billy,1,0
730,2017,12,r,DenR,117,114,Frankie,1,0
731,2017,12,r,Rose,96,92,Big Boy,1,0
732,2017,12,r,The Boo,97,83,Timmy,1,0
733,2017,13,r,Frankie,117,100,Chad,1,0
734,2017,13,r,Rose,134,119,Fig,1,0
735,2017,13,r,Nordy,136,113,Timmy,1,0
736,2017,13,r,Big Boy,70,61,Billy,1,0
737,2017,13,r,DenR,115,80,The Boo,1,0
738,2017,13,r,Chad,100,117,Frankie,0,1
739,2017,13,r,Fig,119,134,Rose,0,1
740,2017,13,r,Timmy,113,136,Nordy,0,1
741,2017,13,r,Billy,61,70,Big Boy,0,1
742,2017,13,r,The Boo,80,115,DenR,0,1
743,2017,DC,p,Frankie,115,125,Chad,0,1
744,2017,DC,p,Chad,125,115,Frankie,1,0
745,2017,SF,p,Frankie,121,119,Timmy,1,0
746,2017,SF,p,Nordy,121,134,Chad,0,1
747,2017,SF,p,Timmy,119,121,Frankie,0,1
748,2017,SF,p,Chad,134,121,Nordy,1,0
749,2017,WC,p,Frankie,117,96,Rose,1,0
750,2017,WC,p,DenR,107,114,Nordy,0,1
751,2017,WC,p,Rose,96,117,Frankie,0,1
752,2017,WC,p,Nordy,114,107,DenR,1,0
753,2018,1,r,Timmy,102,127,Big Boy,0,1
754,2018,1,r,Billy,104,135,Rose,0,1
755,2018,1,r,The Boo,148,137,Frankie,1,0
756,2018,1,r,Fig,139,121,Chad,1,0
757,2018,1,r,DenR,101,129,Nordy,0,1
758,2018,1,r,Big Boy,127,102,Timmy,1,0
759,2018,1,r,Rose,135,104,Billy,1,0
760,2018,1,r,Frankie,137,148,The Boo,0,1
761,2018,1,r,Chad,121,139,Fig,0,1
762,2018,1,r,Nordy,129,101,DenR,1,0
763,2018,2,r,The Boo,136,90,Billy,1,0
764,2018,2,r,Big Boy,121,141,Fig,0,1
765,2018,2,r,Timmy,88,131,DenR,0,1
766,2018,2,r,Rose,151,160,Chad,0,1
767,2018,2,r,Frankie,133,124,Nordy,1,0
768,2018,2,r,Billy,90,136,The Boo,0,1
769,2018,2,r,Fig,141,121,Big Boy,1,0
770,2018,2,r,DenR,131,88,Timmy,1,0
771,2018,2,r,Chad,160,151,Rose,1,0
772,2018,2,r,Nordy,124,133,Frankie,0,1
773,2018,3,r,DenR,142,120,Fig,1,0
774,2018,3,r,Chad,109,108,Billy,1,0
775,2018,3,r,Nordy,120,114,The Boo,1,0
776,2018,3,r,Rose,122,109,Big Boy,1,0
777,2018,3,r,Frankie,95,80,Timmy,1,0
778,2018,3,r,Fig,120,142,DenR,0,1
779,2018,3,r,Billy,108,109,Chad,0,1
780,2018,3,r,The Boo,114,120,Nordy,0,1
781,2018,3,r,Big Boy,109,122,Rose,0,1
782,2018,3,r,Timmy,80,95,Frankie,0,1
783,2018,4,r,Nordy,124,157,Chad,0,1
784,2018,4,r,Fig,118,139,Rose,0,1
785,2018,4,r,DenR,124,130,Frankie,0,1
786,2018,4,r,Billy,115,111,Big Boy,1,0
787,2018,4,r,The Boo,92,113,Timmy,0,1
788,2018,4,r,Chad,157,124,Nordy,1,0
789,2018,4,r,Rose,139,118,Fig,1,0
790,2018,4,r,Frankie,130,124,DenR,1,0
791,2018,4,r,Big Boy,111,115,Billy,0,1
792,2018,4,r,Timmy,113,92,The Boo,1,0
793,2018,5,r,Frankie,120,113,Rose,1,0
794,2018,5,r,Big Boy,119,106,Chad,1,0
795,2018,5,r,Timmy,128,136,Nordy,0,1
796,2018,5,r,Billy,98,149,Fig,0,1
797,2018,5,r,The Boo,129,116,DenR,1,0
798,2018,5,r,Rose,113,120,Frankie,0,1
799,2018,5,r,Chad,106,119,Big Boy,0,1
800,2018,5,r,Nordy,136,128,Timmy,1,0
801,2018,5,r,Fig,149,98,Billy,1,0
802,2018,5,r,DenR,116,129,The Boo,0,1
803,2018,6,r,Billy,162,125,Timmy,1,0
804,2018,6,r,Fig,166,112,The Boo,1,0
805,2018,6,r,Chad,99,97,DenR,1,0
806,2018,6,r,Rose,114,94,Nordy,1,0
807,2018,6,r,Big Boy,121,172,Frankie,0,1
808,2018,6,r,Timmy,125,162,Billy,0,1
809,2018,6,r,The Boo,112,166,Fig,0,1
810,2018,6,r,DenR,97,99,Chad,0,1
811,2018,6,r,Nordy,94,114,Rose,0,1
812,2018,6,r,Frankie,172,121,Big Boy,1,0
813,2018,7,r,Timmy,102,120,Fig,0,1
814,2018,7,r,The Boo,107,171,Chad,0,1
815,2018,7,r,DenR,104,141,Rose,0,1
816,2018,7,r,Nordy,111,116,Big Boy,0,1
817,2018,7,r,Frankie,181,109,Billy,1,0
818,2018,7,r,Fig,120,102,Timmy,1,0
819,2018,7,r,Chad,171,107,The Boo,1,0
820,2018,7,r,Rose,141,104,DenR,1,0
821,2018,7,r,Big Boy,116,111,Nordy,1,0
822,2018,7,r,Billy,109,181,Frankie,0,1
823,2018,8,r,Chad,138,114,Timmy,1,0
824,2018,8,r,Rose,142,106,The Boo,1,0
825,2018,8,r,Big Boy,87,141,DenR,0,1
826,2018,8,r,Billy,93,131,Nordy,0,1
827,2018,8,r,Fig,131,119,Frankie,1,0
828,2018,8,r,Timmy,114,138,Chad,0,1
829,2018,8,r,The Boo,106,142,Rose,0,1
830,2018,8,r,DenR,141,87,Big Boy,1,0
831,2018,8,r,Nordy,131,93,Billy,1,0
832,2018,8,r,Frankie,119,131,Fig,0,1
833,2018,9,r,Timmy,141,124,Rose,1,0
834,2018,9,r,Chad,219,68,Big Boy,1,0
835,2018,9,r,Frankie,78,124,The Boo,0,1
836,2018,9,r,Fig,121,77,Billy,1,0
837,2018,9,r,Nordy,97,119,DenR,0,1
838,2018,9,r,Rose,124,141,Timmy,0,1
839,2018,9,r,Big Boy,68,219,Chad,0,1
840,2018,9,r,The Boo,124,78,Frankie,1,0
841,2018,9,r,Billy,77,121,Fig,0,1
842,2018,9,r,DenR,119,97,Nordy,1,0
843,2018,10,r,The Boo,126,109,Big Boy,1,0
844,2018,10,r,Rose,122,146,Billy,0,1
845,2018,10,r,DenR,148,121,Timmy,1,0
846,2018,10,r,Chad,129,123,Fig,1,0
847,2018,10,r,Nordy,121,119,Frankie,1,0
848,2018,10,r,Big Boy,109,126,The Boo,0,1
849,2018,10,r,Billy,146,122,Rose,1,0
850,2018,10,r,Timmy,121,148,DenR,0,1
851,2018,10,r,Fig,123,129,Chad,0,1
852,2018,10,r,Frankie,119,121,Nordy,0,1
853,2018,11,r,DenR,153,122,Billy,1,0
854,2018,11,r,Fig,105,166,Big Boy,0,1
855,2018,11,r,The Boo,102,89,Nordy,1,0
856,2018,11,r,Chad,148,128,Rose,1,0
857,2018,11,r,Timmy,125,88,Frankie,1,0
858,2018,11,r,Billy,122,153,DenR,0,1
859,2018,11,r,Big Boy,166,105,Fig,1,0
860,2018,11,r,Nordy,89,102,The Boo,0,1
861,2018,11,r,Rose,128,148,Chad,0,1
862,2018,11,r,Frankie,88,125,Timmy,0,1
863,2018,12,r,Nordy,113,126,Fig,0,1
864,2018,12,r,Billy,154,142,Chad,1,0
865,2018,12,r,Frankie,136,151,DenR,0,1
866,2018,12,r,Big Boy,95,151,Rose,0,1
867,2018,12,r,Timmy,124,95,The Boo,1,0
868,2018,12,r,Fig,126,113,Nordy,1,0
869,2018,12,r,Chad,142,154,Billy,0,1
870,2018,12,r,DenR,151,136,Frankie,1,0
871,2018,12,r,Rose,151,95,Big Boy,1,0
872,2018,12,r,The Boo,95,124,Timmy,0,1
873,2018,13,r,Frankie,105,101,Chad,1,0
874,2018,13,r,Rose,159,127,Fig,1,0
875,2018,13,r,Nordy,110,107,Timmy,1,0
876,2018,13,r,Big Boy,67,121,Billy,0,1
877,2018,13,r,DenR,111,120,The Boo,0,1
878,2018,13,r,Chad,101,105,Frankie,0,1
879,2018,13,r,Fig,127,159,Rose,0,1
880,2018,13,r,Timmy,107,110,Nordy,0,1
881,2018,13,r,Billy,121,67,Big Boy,1,0
882,2018,13,r,The Boo,120,111,DenR,1,0
883,2018,DC,p,Fig,100,136,The Boo,0,1
884,2018,DC,p,The Boo,136,100,Fig,1,0
885,2018,SF,p,Fig,133,124,Chad,1,0
886,2018,SF,p,Frankie,82,102,The Boo,0,1
887,2018,SF,p,Chad,124,133,Fig,0,1
888,2018,SF,p,The Boo,102,82,Frankie,1,0
889,2018,WC,p,DenR,146,158,Fig,0,1
890,2018,WC,p,Frankie,131,128,Rose,1,0
891,2018,WC,p,Fig,158,146,DenR,1,0
892,2018,WC,p,Rose,128,131,Frankie,0,1
893,2019,1,r,Timmy,145,129,Big Boy,1,0
894,2019,1,r,Billy,100,163,Rose,0,1
895,2019,1,r,The Boo,97,125,Frankie,0,1
896,2019,1,r,Fig,98,98,Chad,1,0
897,2019,1,r,DenR,119,163,Nordy,0,1
898,2019,1,r,Big Boy,129,145,Timmy,0,1
899,2019,1,r,Rose,163,100,Billy,1,0
900,2019,1,r,Frankie,125,97,The Boo,1,0
901,2019,1,r,Chad,98,98,Fig,0,1
902,2019,1,r,Nordy,163,119,DenR,1,0
903,2019,2,r,The Boo,110,112,Billy,0,1
904,2019,2,r,Big Boy,100,85,Fig,1,0
905,2019,2,r,Timmy,101,137,DenR,0,1
906,2019,2,r,Rose,138,118,Chad,1,0
907,2019,2,r,Frankie,124,122,Nordy,1,0
908,2019,2,r,Billy,112,110,The Boo,1,0
909,2019,2,r,Fig,85,100,Big Boy,0,1
910,2019,2,r,DenR,137,101,Timmy,1,0
911,2019,2,r,Chad,118,138,Rose,0,1
912,2019,2,r,Nordy,122,124,Frankie,0,1
913,2019,3,r,DenR,134,81,Fig,1,0
914,2019,3,r,Chad,114,114,Billy,0,1
915,2019,3,r,Nordy,153,87,The Boo,1,0
916,2019,3,r,Rose,137,135,Big Boy,1,0
917,2019,3,r,Frankie,154,143,Timmy,1,0
918,2019,3,r,Fig,81,134,DenR,0,1
919,2019,3,r,Billy,114,114,Chad,1,0
920,2019,3,r,The Boo,87,153,Nordy,0,1
921,2019,3,r,Big Boy,135,137,Rose,0,1
922,2019,3,r,Timmy,143,154,Frankie,0,1
923,2019,4,r,Nordy,95,107,Chad,0,1
924,2019,4,r,Fig,133,144,Rose,0,1
925,2019,4,r,DenR,81,130,Frankie,0,1
926,2019,4,r,Billy,100,96,Big Boy,1,0
927,2019,4,r,The Boo,120,122,Timmy,0,1
928,2019,4,r,Chad,107,95,Nordy,1,0
929,2019,4,r,Rose,144,133,Fig,1,0
930,2019,4,r,Frankie,130,81,DenR,1,0
931,2019,4,r,Big Boy,96,100,Billy,0,1
932,2019,4,r,Timmy,122,120,The Boo,1,0
933,2019,5,r,Frankie,144,143,Rose,1,0
934,2019,5,r,Big Boy,135,100,Chad,1,0
935,2019,5,r,Timmy,80,140,Nordy,0,1
936,2019,5,r,Billy,104,133,Fig,0,1
937,2019,5,r,The Boo,140,86,DenR,1,0
938,2019,5,r,Rose,143,144,Frankie,0,1
939,2019,5,r,Chad,100,135,Big Boy,0,1
940,2019,5,r,Nordy,140,80,Timmy,1,0
941,2019,5,r,Fig,133,104,Billy,1,0
942,2019,5,r,DenR,86,140,The Boo,0,1
943,2019,6,r,Billy,61,99,Timmy,0,1
944,2019,6,r,Fig,142,121,The Boo,1,0
945,2019,6,r,Chad,134,94,DenR,1,0
946,2019,6,r,Rose,125,142,Nordy,0,1
947,2019,6,r,Big Boy,88,147,Frankie,0,1
948,2019,6,r,Timmy,99,61,Billy,1,0
949,2019,6,r,The Boo,121,142,Fig,0,1
950,2019,6,r,DenR,94,134,Chad,0,1
951,2019,6,r,Nordy,142,125,Rose,1,0
952,2019,6,r,Frankie,147,88,Big Boy,1,0
953,2019,7,r,Timmy,125,100,Fig,1,0
954,2019,7,r,The Boo,81,120,Chad,0,1
955,2019,7,r,DenR,142,100,Rose,1,0
956,2019,7,r,Nordy,99,92,Big Boy,1,0
957,2019,7,r,Frankie,137,102,Billy,1,0
958,2019,7,r,Fig,100,125,Timmy,0,1
959,2019,7,r,Chad,120,81,The Boo,1,0
960,2019,7,r,Rose,100,142,DenR,0,1
961,2019,7,r,Big Boy,92,99,Nordy,0,1
962,2019,7,r,Billy,102,137,Frankie,0,1
963,2019,8,r,Chad,127,197,Timmy,0,1
964,2019,8,r,Rose,81,100,The Boo,0,1
965,2019,8,r,Big Boy,146,119,DenR,1,0
966,2019,8,r,Billy,89,103,Nordy,0,1
967,2019,8,r,Fig,132,147,Frankie,0,1
968,2019,8,r,Timmy,197,127,Chad,1,0
969,2019,8,r,The Boo,100,81,Rose,1,0
970,2019,8,r,DenR,119,146,Big Boy,0,1
971,2019,8,r,Nordy,103,89,Billy,1,0
972,2019,8,r,Frankie,147,132,Fig,1,0
973,2019,9,r,Timmy,122,132,Rose,0,1
974,2019,9,r,Chad,104,106,Big Boy,0,1
975,2019,9,r,Frankie,128,162,The Boo,0,1
976,2019,9,r,Fig,73,107,Billy,0,1
977,2019,9,r,Nordy,94,135,DenR,0,1
978,2019,9,r,Rose,132,122,Timmy,1,0
979,2019,9,r,Big Boy,106,104,Chad,1,0
980,2019,9,r,The Boo,162,128,Frankie,1,0
981,2019,9,r,Billy,107,73,Fig,1,0
982,2019,9,r,DenR,135,94,Nordy,1,0
983,2019,10,r,The Boo,87,85,Big Boy,1,0
984,2019,10,r,Rose,119,166,Billy,0,1
985,2019,10,r,DenR,117,156,Timmy,0,1
986,2019,10,r,Chad,136,98,Fig,1,0
987,2019,10,r,Nordy,110,86,Frankie,1,0
988,2019,10,r,Big Boy,85,87,The Boo,0,1
989,2019,10,r,Billy,166,119,Rose,1,0
990,2019,10,r,Timmy,156,117,DenR,1,0
991,2019,10,r,Fig,98,136,Chad,0,1
992,2019,10,r,Frankie,86,110,Nordy,0,1
993,2019,11,r,DenR,114,98,Billy,1,0
994,2019,11,r,Fig,93,113,Big Boy,0,1
995,2019,11,r,The Boo,108,90,Nordy,1,0
996,2019,11,r,Chad,147,114,Rose,1,0
997,2019,11,r,Timmy,120,103,Frankie,1,0
998,2019,11,r,Billy,98,114,DenR,0,1
999,2019,11,r,Big Boy,113,93,Fig,1,0
1000,2019,11,r,Nordy,90,108,The Boo,0,1
1001,2019,11,r,Rose,114,147,Chad,0,1
1002,2019,11,r,Frankie,103,120,Timmy,0,1
1003,2019,12,r,Nordy,88,102,Fig,0,1
1004,2019,12,r,Billy,81,145,Chad,0,1
1005,2019,12,r,Frankie,90,119,DenR,0,1
1006,2019,12,r,Big Boy,109,125,Rose,0,1
1007,2019,12,r,Timmy,120,146,The Boo,0,1
1008,2019,12,r,Fig,102,88,Nordy,1,0
1009,2019,12,r,Chad,145,81,Billy,1,0
1010,2019,12,r,DenR,119,90,Frankie,1,0
1011,2019,12,r,Rose,125,109,Big Boy,1,0
1012,2019,12,r,The Boo,146,120,Timmy,1,0
1013,2019,13,r,Frankie,126,93,Chad,1,0
1014,2019,13,r,Rose,108,141,Fig,0,1
1015,2019,13,r,Nordy,101,89,Timmy,1,0
1016,2019,13,r,Big Boy,96,107,Billy,0,1
1017,2019,13,r,DenR,94,75,The Boo,1,0
1018,2019,13,r,Chad,93,126,Frankie,0,1
1019,2019,13,r,Fig,141,108,Rose,1,0
1020,2019,13,r,Timmy,89,101,Nordy,0,1
1021,2019,13,r,Billy,107,96,Big Boy,1,0
1022,2019,13,r,The Boo,75,94,DenR,0,1
1023,2019,DC,p,Chad,151,140,Timmy,1,0
1024,2019,DC,p,Timmy,140,151,Chad,0,1
1025,2019,SF,p,Timmy,154,143,Frankie,1,0
1026,2019,SF,p,Chad,148,145,Rose,1,0
1027,2019,SF,p,Frankie,143,154,Timmy,0,1
1028,2019,SF,p,Rose,145,148,Chad,0,1
1029,2019,WC,p,DenR,77,126,Timmy,0,1
1030,2019,WC,p,Chad,147,111,Nordy,1,0
1031,2019,WC,p,Timmy,126,77,DenR,1,0
1032,2019,WC,p,Nordy,111,147,Chad,0,1
1033,2020,1,r,Timmy,115,115,Big Boy,0,1
1034,2020,1,r,Billy,152,116,Rose,1,0
1035,2020,1,r,The Boo,113,167,Frankie,0,1
1036,2020,1,r,Fig,155,166,Chad,0,1
1037,2020,1,r,DenR,120,114,Nordy,1,0
1038,2020,1,r,Big Boy,115,115,Timmy,1,0
1039,2020,1,r,Rose,116,152,Billy,0,1
1040,2020,1,r,Frankie,167,113,The Boo,1,0
1041,2020,1,r,Chad,166,155,Fig,1,0
1042,2020,1,r,Nordy,114,120,DenR,0,1
1043,2020,2,r,The Boo,170,159,Billy,1,0
1044,2020,2,r,Big Boy,125,133,Fig,0,1
1045,2020,2,r,Timmy,162,89,DenR,1,0
1046,2020,2,r,Rose,135,115,Chad,1,0
1047,2020,2,r,Frankie,133,101,Nordy,1,0
1048,2020,2,r,Billy,159,170,The Boo,0,1
1049,2020,2,r,Fig,133,125,Big Boy,1,0
1050,2020,2,r,DenR,89,162,Timmy,0,1
1051,2020,2,r,Chad,115,135,Rose,0,1
1052,2020,2,r,Nordy,101,133,Frankie,0,1
1053,2020,3,r,DenR,124,148,Fig,0,1
1054,2020,3,r,Chad,103,121,Billy,0,1
1055,2020,3,r,Nordy,114,166,The Boo,0,1
1056,2020,3,r,Rose,172,137,Big Boy,1,0
1057,2020,3,r,Frankie,124,144,Timmy,0,1
1058,2020,3,r,Fig,148,124,DenR,1,0
1059,2020,3,r,Billy,121,103,Chad,1,0
1060,2020,3,r,The Boo,166,114,Nordy,1,0
1061,2020,3,r,Big Boy,137,172,Rose,0,1
1062,2020,3,r,Timmy,144,124,Frankie,1,0
1063,2020,4,r,Nordy,115,140,Chad,0,1
1064,2020,4,r,Fig,162,106,Rose,1,0
1065,2020,4,r,DenR,113,133,Frankie,0,1
1066,2020,4,r,Billy,141,122,Big Boy,1,0
1067,2020,4,r,The Boo,124,178,Timmy,0,1
1068,2020,4,r,Chad,140,115,Nordy,1,0
1069,2020,4,r,Rose,106,162,Fig,0,1
1070,2020,4,r,Frankie,133,113,DenR,1,0
1071,2020,4,r,Big Boy,122,141,Billy,0,1
1072,2020,4,r,Timmy,178,124,The Boo,1,0
1073,2020,5,r,Frankie,195,101,Rose,1,0
1074,2020,5,r,Big Boy,112,95,Chad,1,0
1075,2020,5,r,Timmy,95,139,Nordy,0,1
1076,2020,5,r,Billy,160,148,Fig,1,0
1077,2020,5,r,The Boo,106,125,DenR,0,1
1078,2020,5,r,Rose,101,195,Frankie,0,1
1079,2020,5,r,Chad,95,112,Big Boy,0,1
1080,2020,5,r,Nordy,139,95,Timmy,1,0
1081,2020,5,r,Fig,148,160,Billy,0,1
1082,2020,5,r,DenR,125,106,The Boo,1,0
1083,2020,6,r,Billy,117,120,Timmy,0,1
1084,2020,6,r,Fig,149,90,The Boo,1,0
1085,2020,6,r,Chad,99,110,DenR,0,1
1086,2020,6,r,Rose,107,172,Nordy,0,1
1087,2020,6,r,Big Boy,105,107,Frankie,0,1
1088,2020,6,r,Timmy,120,117,Billy,1,0
1089,2020,6,r,The Boo,90,149,Fig,0,1
1090,2020,6,r,DenR,110,99,Chad,1,0
1091,2020,6,r,Nordy,172,107,Rose,1,0
1092,2020,6,r,Frankie,107,105,Big Boy,1,0
1093,2020,7,r,Timmy,113,140,Fig,0,1
1094,2020,7,r,The Boo,143,162,Chad,0,1
1095,2020,7,r,DenR,114,154,Rose,0,1
1096,2020,7,r,Nordy,132,98,Big Boy,1,0
1097,2020,7,r,Frankie,145,102,Billy,1,0
1098,2020,7,r,Fig,140,113,Timmy,1,0
1099,2020,7,r,Chad,162,143,The Boo,1,0
1100,2020,7,r,Rose,154,114,DenR,1,0
1101,2020,7,r,Big Boy,98,132,Nordy,0,1
1102,2020,7,r,Billy,102,145,Frankie,0,1
1103,2020,8,r,Chad,119,75,Timmy,1,0
1104,2020,8,r,Rose,137,145,The Boo,0,1
1105,2020,8,r,Big Boy,101,114,DenR,0,1
1106,2020,8,r,Billy,138,115,Nordy,1,0
1107,2020,8,r,Fig,115,127,Frankie,0,1
1108,2020,8,r,Timmy,75,119,Chad,0,1
1109,2020,8,r,The Boo,145,137,Rose,1,0
1110,2020,8,r,DenR,114,101,Big Boy,1,0
1111,2020,8,r,Nordy,115,138,Billy,0,1
1112,2020,8,r,Frankie,127,115,Fig,1,0
1113,2020,9,r,Timmy,127,140,Rose,0,1
1114,2020,9,r,Chad,133,131,Big Boy,1,0
1115,2020,9,r,Frankie,107,124,The Boo,0,1
1116,2020,9,r,Fig,146,107,Billy,1,0
1117,2020,9,r,Nordy,118,64,DenR,1,0
1118,2020,9,r,Rose,140,127,Timmy,1,0
1119,2020,9,r,Big Boy,131,133,Chad,0,1
1120,2020,9,r,The Boo,124,107,Frankie,1,0
1121,2020,9,r,Billy,107,146,Fig,0,1
1122,2020,9,r,DenR,64,118,Nordy,0,1
1123,2020,10,r,The Boo,96,117,Big Boy,0,1
1124,2020,10,r,Rose,84,83,Billy,1,0
1125,2020,10,r,DenR,116,93,Timmy,1,0
1126,2020,10,r,Chad,150,146,Fig,1,0
1127,2020,10,r,Nordy,103,109,Frankie,0,1
1128,2020,10,r,Big Boy,117,96,The Boo,1,0
1129,2020,10,r,Billy,83,84,Rose,0,1
1130,2020,10,r,Timmy,93,116,DenR,0,1
1131,2020,10,r,Fig,146,150,Chad,0,1
1132,2020,10,r,Frankie,109,103,Nordy,1,0
1133,2020,11,r,DenR,138,113,Billy,1,0
1134,2020,11,r,Fig,168,115,Big Boy,1,0
1135,2020,11,r,The Boo,140,134,Nordy,1,0
1136,2020,11,r,Chad,134,147,Rose,0,1
1137,2020,11,r,Timmy,128,112,Frankie,1,0
1138,2020,11,r,Billy,113,138,DenR,0,1
1139,2020,11,r,Big Boy,115,168,Fig,0,1
1140,2020,11,r,Nordy,134,140,The Boo,0,1
1141,2020,11,r,Rose,147,134,Chad,1,0
1142,2020,11,r,Frankie,112,128,Timmy,0,1
1143,2020,12,r,Nordy,145,113,Fig,1,0
1144,2020,12,r,Billy,131,163,Chad,0,1
1145,2020,12,r,Frankie,117,121,DenR,0,1
1146,2020,12,r,Big Boy,189,92,Rose,1,0
1147,2020,12,r,Timmy,124,112,The Boo,1,0
1148,2020,12,r,Fig,113,145,Nordy,0,1
1149,2020,12,r,Chad,163,131,Billy,1,0
1150,2020,12,r,DenR,121,117,Frankie,1,0
1151,2020,12,r,Rose,92,189,Big Boy,0,1
1152,2020,12,r,The Boo,112,124,Timmy,0,1
1153,2020,13,r,Frankie,96,165,Chad,0,1
1154,2020,13,r,Rose,131,140,Fig,0,1
1155,2020,13,r,Nordy,145,115,Timmy,1,0
1156,2020,13,r,Big Boy,128,143,Billy,0,1
1157,2020,13,r,DenR,137,108,The Boo,1,0
1158,2020,13,r,Chad,165,96,Frankie,1,0
1159,2020,13,r,Fig,140,131,Rose,1,0
1160,2020,13,r,Timmy,115,145,Nordy,0,1
1161,2020,13,r,Billy,143,128,Big Boy,1,0
1162,2020,13,r,The Boo,108,137,DenR,0,1
1163,2020,DC,p,DenR,110,163,Fig,0,1
1164,2020,DC,p,Fig,163,110,DenR,1,0
1165,2020,SF,p,DenR,127,121,Chad,1,0
1166,2020,SF,p,Fig,194,156,Frankie,1,0
1167,2020,SF,p,Chad,121,127,DenR,0,1
1168,2020,SF,p,Frankie,156,194,Fig,0,1
1169,2020,WC,p,Billy,104,116,DenR,0,1
1170,2020,WC,p,Nordy,138,164,Fig,0,1
1171,2020,WC,p,DenR,116,104,Billy,1,0
1172,2020,WC,p,Fig,164,138,Nordy,1,0
1173,2021,1,r,Timmy,95,172,Fig,0,1
1174,2021,1,r,Billy,113,169,Big Boy,0,1
1175,2021,1,r,The Boo,143,111,Nordy,1,0
1176,2021,1,r,Rose,145,121,Chad,1,0
1177,2021,1,r,Frankie,99,139,DenR,0,1
1178,2021,1,r,Fig,172,95,Timmy,1,0
1179,2021,1,r,Big Boy,169,113,Billy,1,0
1180,2021,1,r,Nordy,111,143,The Boo,0,1
1181,2021,1,r,Chad,121,145,Rose,0,1
1182,2021,1,r,DenR,139,99,Frankie,1,0
1183,2021,2,r,The Boo,130,119,Billy,1,0
1184,2021,2,r,Fig,149,139,Rose,1,0
1185,2021,2,r,Timmy,168,115,Frankie,1,0
1186,2021,2,r,Big Boy,124,140,Chad,0,1
1187,2021,2,r,Nordy,142,116,DenR,1,0
1188,2021,2,r,Billy,119,130,The Boo,0,1
1189,2021,2,r,Rose,139,149,Fig,0,1
1190,2021,2,r,Frankie,115,168,Timmy,0,1
1191,2021,2,r,Chad,140,124,Big Boy,1,0
1192,2021,2,r,DenR,116,142,Nordy,0,1
1193,2021,3,r,Frankie,153,119,Rose,1,0
1194,2021,3,r,Chad,150,140,Billy,1,0
1195,2021,3,r,DenR,67,115,The Boo,0,1
1196,2021,3,r,Big Boy,109,126,Fig,0,1
1197,2021,3,r,Nordy,125,117,Timmy,1,0
1198,2021,3,r,Rose,119,153,Frankie,0,1
1199,2021,3,r,Billy,140,150,Chad,0,1
1200,2021,3,r,The Boo,115,67,DenR,1,0
1201,2021,3,r,Fig,126,109,Big Boy,1,0
1202,2021,3,r,Timmy,117,125,Nordy,0,1
1203,2021,4,r,DenR,196,116,Chad,1,0
1204,2021,4,r,Rose,143,159,Big Boy,0,1
1205,2021,4,r,Frankie,115,143,Nordy,0,1
1206,2021,4,r,Billy,130,117,Fig,1,0
1207,2021,4,r,The Boo,108,115,Timmy,0,1
1208,2021,4,r,Chad,116,196,DenR,0,1
1209,2021,4,r,Big Boy,159,143,Rose,1,0
1210,2021,4,r,Nordy,143,115,Frankie,1,0
1211,2021,4,r,Fig,117,130,Billy,0,1
1212,2021,4,r,Timmy,115,108,The Boo,1,0
1213,2021,5,r,Nordy,115,142,Big Boy,0,1
1214,2021,5,r,Fig,116,121,Chad,0,1
1215,2021,5,r,Timmy,132,162,DenR,0,1
1216,2021,5,r,Billy,147,142,Rose,1,0
1217,2021,5,r,The Boo,226,142,Frankie,1,0
1218,2021,5,r,Big Boy,142,115,Nordy,1,0
1219,2021,5,r,Chad,121,116,Fig,1,0
1220,2021,5,r,DenR,162,132,Timmy,1,0
1221,2021,5,r,Rose,142,147,Billy,0,1
1222,2021,5,r,Frankie,142,226,The Boo,0,1
1223,2021,6,r,Billy,137,141,Timmy,0,1
1224,2021,6,r,Rose,118,121,The Boo,0,1
1225,2021,6,r,Chad,117,94,Frankie,1,0
1226,2021,6,r,Big Boy,208,121,DenR,1,0
1227,2021,6,r,Fig,103,113,Nordy,0,1
1228,2021,6,r,Timmy,141,137,Billy,1,0
1229,2021,6,r,The Boo,121,118,Rose,1,0
1230,2021,6,r,Frankie,94,117,Chad,0,1
1231,2021,6,r,DenR,121,208,Big Boy,0,1
1232,2021,6,r,Nordy,113,103,Fig,1,0
1233,2021,7,r,Timmy,142,157,Rose,0,1
1234,2021,7,r,The Boo,113,108,Chad,1,0
1235,2021,7,r,Frankie,143,151,Big Boy,0,1
1236,2021,7,r,DenR,129,103,Fig,1,0
1237,2021,7,r,Nordy,135,99,Billy,1,0
1238,2021,7,r,Rose,157,142,Timmy,1,0
1239,2021,7,r,Chad,108,113,The Boo,0,1
1240,2021,7,r,Big Boy,151,143,Frankie,1,0
1241,2021,7,r,Fig,103,129,DenR,0,1
1242,2021,7,r,Billy,99,135,Nordy,0,1
1243,2021,8,r,Chad,120,112,Timmy,1,0
1244,2021,8,r,Big Boy,152,143,The Boo,1,0
1245,2021,8,r,Fig,113,89,Frankie,1,0
1246,2021,8,r,Billy,133,85,DenR,1,0
1247,2021,8,r,Rose,145,98,Nordy,1,0
1248,2021,8,r,Timmy,112,120,Chad,0,1
1249,2021,8,r,The Boo,143,152,Big Boy,0,1
1250,2021,8,r,Frankie,89,113,Fig,0,1
1251,2021,8,r,DenR,85,133,Billy,0,1
1252,2021,8,r,Nordy,98,145,Rose,0,1
1253,2021,9,r,Timmy,86,98,Big Boy,0,1
1254,2021,9,r,Chad,98,126,Fig,0,1
1255,2021,9,r,Nordy,95,113,The Boo,0,1
1256,2021,9,r,Rose,112,142,Billy,0,1
1257,2021,9,r,DenR,105,127,Frankie,0,1
1258,2021,9,r,Big Boy,98,86,Timmy,1,0
1259,2021,9,r,Fig,126,98,Chad,1,0
1260,2021,9,r,The Boo,113,95,Nordy,1,0
1261,2021,9,r,Billy,142,112,Rose,1,0
1262,2021,9,r,Frankie,127,105,DenR,1,0
1263,2021,10,r,The Boo,150,109,Fig,1,0
1264,2021,10,r,Big Boy,165,88,Billy,1,0
1265,2021,10,r,Frankie,92,100,Timmy,0,1
1266,2021,10,r,Chad,122,110,Rose,1,0
1267,2021,10,r,DenR,90,110,Nordy,0,1
1268,2021,10,r,Fig,109,150,The Boo,0,1
1269,2021,10,r,Billy,88,165,Big Boy,0,1
1270,2021,10,r,Timmy,100,92,Frankie,1,0
1271,2021,10,r,Rose,110,122,Chad,0,1
1272,2021,10,r,Nordy,110,90,DenR,1,0
1273,2021,11,r,Frankie,165,103,Billy,1,0
1274,2021,11,r,Rose,109,144,Fig,0,1
1275,2021,11,r,The Boo,177,64,DenR,1,0
1276,2021,11,r,Chad,148,101,Big Boy,1,0
1277,2021,11,r,Timmy,114,128,Nordy,0,1
1278,2021,11,r,Billy,103,165,Frankie,0,1
1279,2021,11,r,Fig,144,109,Rose,1,0
1280,2021,11,r,DenR,64,177,The Boo,0,1
1281,2021,11,r,Big Boy,101,148,Chad,0,1
1282,2021,11,r,Nordy,128,114,Timmy,1,0
1283,2021,12,r,DenR,118,114,Rose,1,0
1284,2021,12,r,Billy,128,129,Chad,0,1
1285,2021,12,r,Nordy,117,107,Frankie,1,0
1286,2021,12,r,Fig,115,148,Big Boy,0,1
1287,2021,12,r,Timmy,87,105,The Boo,0,1
1288,2021,12,r,Rose,114,118,DenR,0,1
1289,2021,12,r,Chad,129,128,Billy,1,0
1290,2021,12,r,Frankie,107,117,Nordy,0,1
1291,2021,12,r,Big Boy,148,115,Fig,1,0
1292,2021,12,r,The Boo,105,87,Timmy,1,0
1293,2021,13,r,Nordy,115,120,Chad,0,1
1294,2021,13,r,Big Boy,144,94,Rose,1,0
1295,2021,13,r,DenR,105,91,Timmy,1,0
1296,2021,13,r,Fig,122,105,Billy,1,0
1297,2021,13,r,Frankie,178,130,The Boo,1,0
1298,2021,13,r,Chad,120,115,Nordy,1,0
1299,2021,13,r,Rose,94,144,Big Boy,0,1
1300,2021,13,r,Timmy,91,105,DenR,0,1
1301,2021,13,r,Billy,105,122,Fig,0,1
1302,2021,13,r,The Boo,130,178,Frankie,0,1
1303,2021,14,r,Fig,113,131,Timmy,0,1
1304,2021,14,r,Billy,90,143,The Boo,0,1
1305,2021,14,r,Rose,133,179,Frankie,0,1
1306,2021,14,r,Chad,107,131,DenR,0,1
1307,2021,14,r,Big Boy,173,145,Nordy,1,0
1308,2021,14,r,Timmy,131,113,Fig,1,0
1309,2021,14,r,The Boo,143,90,Billy,1,0
1310,2021,14,r,Frankie,179,133,Rose,1,0
1311,2021,14,r,DenR,131,107,Chad,1,0
1312,2021,14,r,Nordy,145,173,Big Boy,0,1
1313,2021,DC,p,The Boo,157,103,DenR,1,0
1314,2021,DC,p,DenR,103,157,The Boo,0,1
1315,2021,SF,p,DenR,109,108,Big Boy,1,0
1316,2021,SF,p,Big Boy,108,109,DenR,0,1
1317,2021,SF,p,The Boo,172,157,Chad,1,0
1318,2021,SF,p,Chad,157,172,The Boo,0,1
1319,2021,WC,p,DenR,77,73,Nordy,1,0
1320,2021,WC,p,Nordy,73,77,Denr,0,1
1321,2021,WC,p,Fig,87,129,Big Boy,0,1
1322,2021,WC,p,Big Boy,129,87,Fig,1,0